HourUTC;HourDK;MunicipalityNo;SolarMWh;OffshoreWindLt100MW_MWh;OffshoreWindGe100MW_MWh;OnshoreWindMWh;ThermalPowerMWh
2020-12-31 23:00;2021-01-01 00:00;101;0,000000;1,027500;0,000000;0,449465;238,335571
2020-12-31 23:00;2021-01-01 00:00;147;0,000000;;;;0,000000
2020-12-31 23:00;2021-01-01 00:00;151;0,000000;;;;0,024330
2020-12-31 23:00;2021-01-01 00:00;153;0,000000;;;;0,000000
2020-12-31 23:00;2021-01-01 00:00;155;0,000000;;;;
2020-12-31 23:00;2021-01-01 00:00;157;0,000000;;;;
2020-12-31 23:00;2021-01-01 00:00;159;0,000000;;;;0,000020
2020-12-31 23:00;2021-01-01 00:00;161;0,000000;;;;27,660053
2020-12-31 23:00;2021-01-01 00:00;163;0,000000;;;;
2020-12-31 23:00;2021-01-01 00:00;165;0,000000;;;;0,000000
2020-12-31 23:00;2021-01-01 00:00;167;0,000000;2,871000;0,000000;0,383996;483,232971
2020-12-31 23:00;2021-01-01 00:00;169;0,000000;0,000000;0,000000;0,006401;0,000000
2020-12-31 23:00;2021-01-01 00:00;173;0,000000;;;;0,174960
2020-12-31 23:00;2021-01-01 00:00;175;0,000000;;;;
2020-12-31 23:00;2021-01-01 00:00;183;0,000000;0,000000;0,000000;0,000000;
2020-12-31 23:00;2021-01-01 00:00;185;0,000000;;;;0,000000
2020-12-31 23:00;2021-01-01 00:00;187;0,000000;;;;0,000000
2020-12-31 23:00;2021-01-01 00:00;190;0,000000;;;;0,000000
2020-12-31 23:00;2021-01-01 00:00;201;0,000000;0,000000;0,000000;0,000000;0,640600
2020-12-31 23:00;2021-01-01 00:00;210;0,000000;;;;0,105830
2020-12-31 23:00;2021-01-01 00:00;217;0,000000;0,000000;0,000000;0,000000;14,748320
2020-12-31 23:00;2021-01-01 00:00;219;0,000000;0,000000;0,000000;0,048409;3,914450
2020-12-31 23:00;2021-01-01 00:00;223;0,000000;;;;12,556836
2020-12-31 23:00;2021-01-01 00:00;230;0,000000;;;;0,007450
2020-12-31 23:00;2021-01-01 00:00;240;0,000000;0,000000;0,000000;0,000000;0,000000
2020-12-31 23:00;2021-01-01 00:00;250;0,000000;0,000000;0,000000;0,038530;0,899200
2020-12-31 23:00;2021-01-01 00:00;253;0,000000;0,000000;0,000000;0,010953;0,000010
2020-12-31 23:00;2021-01-01 00:00;259;0,000000;0,000000;0,000000;0,094417;15,114859
2020-12-31 23:00;2021-01-01 00:00;260;0,000000;0,000000;0,000000;0,198424;0,000030
2020-12-31 23:00;2021-01-01 00:00;265;0,000000;0,000000;0,000000;0,098318;28,554209
2020-12-31 23:00;2021-01-01 00:00;269;0,000000;0,000000;0,000000;0,000037;3,543738
2020-12-31 23:00;2021-01-01 00:00;270;0,000000;0,000000;0,000000;0,028227;0,000000
2020-12-31 23:00;2021-01-01 00:00;306;0,000000;0,000000;0,000000;0,084509;0,348870
2020-12-31 23:00;2021-01-01 00:00;316;0,000000;0,000000;0,000000;4,976300;0,276403
2020-12-31 23:00;2021-01-01 00:00;320;0,001000;0,000000;0,000000;2,420971;3,641725
2020-12-31 23:00;2021-01-01 00:00;326;0,000000;0,000000;0,000000;12,397071;11,303676
2020-12-31 23:00;2021-01-01 00:00;329;0,000000;0,000000;0,000000;0,398031;0,000030
2020-12-31 23:00;2021-01-01 00:00;330;0,000000;11,677700;0,000000;4,114883;12,206346
2020-12-31 23:00;2021-01-01 00:00;336;0,000000;0,000000;0,000000;0,850044;0,000000
2020-12-31 23:00;2021-01-01 00:00;340;0,000000;0,000000;0,000000;0,572525;0,015238
2020-12-31 23:00;2021-01-01 00:00;350;0,000000;0,000000;0,000000;0,130663;0,010320
2020-12-31 23:00;2021-01-01 00:00;360;0,000000;0,000000;139,911499;136,776688;0,000000
2020-12-31 23:00;2021-01-01 00:00;370;0,001000;0,000000;0,000000;10,199274;8,305455
2020-12-31 23:00;2021-01-01 00:00;376;0,000000;0,000000;65,713638;10,142721;14,262884
2020-12-31 23:00;2021-01-01 00:00;390;0,000000;0,000000;0,000000;2,030048;7,228300
2020-12-31 23:00;2021-01-01 00:00;400;0,000000;0,000000;0,000000;1,928310;0,000000
2020-12-31 23:00;2021-01-01 00:00;410;0,000000;0,000000;0,000000;0,011884;0,011867
2020-12-31 23:00;2021-01-01 00:00;411;0,000000;;;;
2020-12-31 23:00;2021-01-01 00:00;420;0,000000;0,000000;0,000000;0,139504;4,899410
2020-12-31 23:00;2021-01-01 00:00;430;0,000000;0,000000;0,000000;0,502199;0,000200
2020-12-31 23:00;2021-01-01 00:00;440;0,000000;0,000000;0,000000;4,393950;0,000000
2020-12-31 23:00;2021-01-01 00:00;450;0,000000;0,000000;0,000000;2,415084;3,594100
2020-12-31 23:00;2021-01-01 00:00;461;0,000000;0,000000;0,000000;0,566689;110,241920
2020-12-31 23:00;2021-01-01 00:00;479;0,000000;0,000000;0,000000;6,105588;4,955840
2020-12-31 23:00;2021-01-01 00:00;480;0,000000;0,000000;0,000000;0,668554;0,683433
2020-12-31 23:00;2021-01-01 00:00;482;0,000000;0,000000;0,000000;12,935840;0,000000
2020-12-31 23:00;2021-01-01 00:00;492;0,000000;0,000000;0,000000;8,416781;0,481279
2020-12-31 23:00;2021-01-01 00:00;510;0,000000;0,000000;0,000000;0,825107;1,111056
2020-12-31 23:00;2021-01-01 00:00;530;0,000000;0,000000;0,000000;0,349974;1,611544
2020-12-31 23:00;2021-01-01 00:00;540;0,000000;0,000000;0,000000;1,117671;4,731911
2020-12-31 23:00;2021-01-01 00:00;550;0,000000;0,000000;0,000000;3,362810;0,306443
2020-12-31 23:00;2021-01-01 00:00;561;0,000000;0,000000;0,000000;0,135759;168,383942
2020-12-31 23:00;2021-01-01 00:00;563;0,000000;0,000000;0,000000;0,000000;
2020-12-31 23:00;2021-01-01 00:00;573;0,000000;0,000000;0,000000;0,131378;2,691210
2020-12-31 23:00;2021-01-01 00:00;575;0,000000;0,000000;0,000000;0,124315;0,000171
2020-12-31 23:00;2021-01-01 00:00;580;0,000000;0,000000;0,000000;3,054474;0,622417
2020-12-31 23:00;2021-01-01 00:00;607;0,000000;0,000000;0,000000;0,002500;32,001080
2020-12-31 23:00;2021-01-01 00:00;615;0,000000;0,000000;0,000000;0,371374;12,881300
2020-12-31 23:00;2021-01-01 00:00;621;0,000000;0,000000;0,000000;0,464360;6,299342
2020-12-31 23:00;2021-01-01 00:00;630;0,000000;0,000000;0,000000;0,089979;1,283266
2020-12-31 23:00;2021-01-01 00:00;657;0,000000;0,000000;0,000000;0,017067;37,177315
2020-12-31 23:00;2021-01-01 00:00;661;0,000000;0,000000;0,000000;0,610750;18,826000
2020-12-31 23:00;2021-01-01 00:00;665;0,000000;1,262497;0,000000;4,064390;10,670000
2020-12-31 23:00;2021-01-01 00:00;671;0,000000;0,000000;0,000000;0,480000;0,000000
2020-12-31 23:00;2021-01-01 00:00;706;0,000000;0,000000;0,000000;0,184975;0,708503
2020-12-31 23:00;2021-01-01 00:00;707;0,000000;0,000000;86,133430;0,058078;0,040740
2020-12-31 23:00;2021-01-01 00:00;710;0,000000;0,000000;0,000000;0,005000;1,500460
2020-12-31 23:00;2021-01-01 00:00;727;0,000000;0,182600;0,000000;0,026015;0,000000
2020-12-31 23:00;2021-01-01 00:00;730;0,000000;0,000000;0,000000;1,503170;29,040014
2020-12-31 23:00;2021-01-01 00:00;740;0,000000;0,000000;0,000000;0,002485;92,142944
2020-12-31 23:00;2021-01-01 00:00;741;0,000000;0,000000;0,000000;1,693872;0,000000
2020-12-31 23:00;2021-01-01 00:00;746;0,000000;0,000000;0,000000;0,000000;2,108600
2020-12-31 23:00;2021-01-01 00:00;751;0,000000;0,000000;0,000000;0,000000;287,332245
2020-12-31 23:00;2021-01-01 00:00;756;0,000000;0,000000;0,000000;0,078000;2,356888
2020-12-31 23:00;2021-01-01 00:00;760;0,000000;0,000000;0,000000;2,064500;24,607309
2020-12-31 23:00;2021-01-01 00:00;766;0,000000;0,000000;0,000000;0,007203;0,000300
2020-12-31 23:00;2021-01-01 00:00;773;0,000000;0,000000;0,000000;0,094040;3,323200
2020-12-31 23:00;2021-01-01 00:00;779;0,000000;0,000000;0,000000;0,000002;9,622539
2020-12-31 23:00;2021-01-01 00:00;787;0,000000;0,000000;0,000000;1,798490;2,817360
2020-12-31 23:00;2021-01-01 00:00;791;0,000000;0,000000;0,000000;1,524982;60,541878
2020-12-31 23:00;2021-01-01 00:00;810;0,000000;0,000000;0,000000;0,131435;1,540800
2020-12-31 23:00;2021-01-01 00:00;813;0,000000;0,000000;0,000000;0,016940;2,529320
2020-12-31 23:00;2021-01-01 00:00;820;0,001000;0,000000;0,000000;0,000000;3,988780
2020-12-31 23:00;2021-01-01 00:00;825;0,000000;0,000000;0,000000;0,000000;0,000000
2020-12-31 23:00;2021-01-01 00:00;840;0,000000;0,000000;0,000000;0,149861;0,000000
2020-12-31 23:00;2021-01-01 00:00;846;0,000000;0,000000;0,000000;0,275600;0,176210
2020-12-31 23:00;2021-01-01 00:00;849;0,000000;0,000000;0,000000;2,024318;0,000000
2020-12-31 23:00;2021-01-01 00:00;851;0,000000;0,000000;0,000000;0,063980;337,080383
2020-12-31 23:00;2021-01-01 00:00;860;0,000000;0,000000;0,000000;0,126069;9,135420
2020-12-31 23:00;2021-01-01 00:00;999;;6,891596;0,000000;0,650634;0,000000
2021-01-01 00:00;2021-01-01 01:00;101;0,000000;2,700300;0,000000;0,870357;232,103561
2021-01-01 00:00;2021-01-01 01:00;147;0,000000;;;;0,000000
2021-01-01 00:00;2021-01-01 01:00;151;0,000000;;;;0,000000
2021-01-01 00:00;2021-01-01 01:00;153;0,000000;;;;0,000000
2021-01-01 00:00;2021-01-01 01:00;155;0,000000;;;;
2021-01-01 00:00;2021-01-01 01:00;157;0,000000;;;;
2021-01-01 00:00;2021-01-01 01:00;159;0,000000;;;;0,000040
2021-01-01 00:00;2021-01-01 01:00;161;0,000000;;;;31,357796
2021-01-01 00:00;2021-01-01 01:00;163;0,000000;;;;
2021-01-01 00:00;2021-01-01 01:00;165;0,000000;;;;0,000000
2021-01-01 00:00;2021-01-01 01:00;167;0,000000;1,994700;0,000000;0,167879;483,695343
2021-01-01 00:00;2021-01-01 01:00;169;0,000000;0,000000;0,000000;0,032710;0,000000
2021-01-01 00:00;2021-01-01 01:00;173;0,000000;;;;0,079650
2021-01-01 00:00;2021-01-01 01:00;175;0,000000;;;;
2021-01-01 00:00;2021-01-01 01:00;183;0,000000;0,000000;0,000000;0,000000;
2021-01-01 00:00;2021-01-01 01:00;185;0,000000;;;;0,000000
2021-01-01 00:00;2021-01-01 01:00;187;0,000000;;;;0,000000
2021-01-01 00:00;2021-01-01 01:00;190;0,000000;;;;0,000000
2021-01-01 00:00;2021-01-01 01:00;201;0,000000;0,000000;0,000000;0,000000;1,025100
2021-01-01 00:00;2021-01-01 01:00;210;0,000000;;;;0,000000
2021-01-01 00:00;2021-01-01 01:00;217;0,000000;0,000000;0,000000;0,000000;14,714380
2021-01-01 00:00;2021-01-01 01:00;219;0,000000;0,000000;0,000000;0,024352;3,925960
2021-01-01 00:00;2021-01-01 01:00;223;0,000000;;;;12,787888
2021-01-01 00:00;2021-01-01 01:00;230;0,000000;;;;0,008240
2021-01-01 00:00;2021-01-01 01:00;240;0,000000;0,000000;0,000000;0,000010;0,000000
2021-01-01 00:00;2021-01-01 01:00;250;0,000000;0,000000;0,000000;0,047421;0,897730
2021-01-01 00:00;2021-01-01 01:00;253;0,000000;0,000000;0,000000;0,009824;0,000010
2021-01-01 00:00;2021-01-01 01:00;259;0,000000;0,000000;0,000000;0,124786;15,018070
2021-01-01 00:00;2021-01-01 01:00;260;0,000000;0,000000;0,000000;0,172037;0,000090
2021-01-01 00:00;2021-01-01 01:00;265;0,000000;0,000000;0,000000;0,256626;28,633871
2021-01-01 00:00;2021-01-01 01:00;269;0,000000;0,000000;0,000000;0,000635;3,544238
2021-01-01 00:00;2021-01-01 01:00;270;0,000000;0,000000;0,000000;0,036319;0,000000
2021-01-01 00:00;2021-01-01 01:00;306;0,000000;0,000000;0,000000;0,075192;0,000060
2021-01-01 00:00;2021-01-01 01:00;316;0,000000;0,000000;0,000000;2,859060;0,140801
2021-01-01 00:00;2021-01-01 01:00;320;0,001000;0,000000;0,000000;2,151857;3,626411
2021-01-01 00:00;2021-01-01 01:00;326;0,000000;0,000000;0,000000;10,111613;15,279873
2021-01-01 00:00;2021-01-01 01:00;329;0,000000;0,000000;0,000000;0,357695;0,000010
2021-01-01 00:00;2021-01-01 01:00;330;0,000000;9,580600;0,000000;4,393263;11,938362
2021-01-01 00:00;2021-01-01 01:00;336;0,000000;0,000000;0,000000;0,884904;0,000000
2021-01-01 00:00;2021-01-01 01:00;340;0,000000;0,000000;0,000000;0,448800;0,000000
2021-01-01 00:00;2021-01-01 01:00;350;0,000000;0,000000;0,000000;0,305631;0,010370
2021-01-01 00:00;2021-01-01 01:00;360;0,000000;0,000000;117,691597;120,709076;0,000000
2021-01-01 00:00;2021-01-01 01:00;370;0,001000;0,000000;0,000000;11,190116;8,417354
2021-01-01 00:00;2021-01-01 01:00;376;0,000000;0,000000;53,114456;9,684838;12,318094
2021-01-01 00:00;2021-01-01 01:00;390;0,000000;0,000000;0,000000;1,885769;7,082000
2021-01-01 00:00;2021-01-01 01:00;400;0,000000;0,000000;0,000000;1,534580;0,000000
2021-01-01 00:00;2021-01-01 01:00;410;0,000000;0,000000;0,000000;0,059435;0,011839
2021-01-01 00:00;2021-01-01 01:00;411;0,000000;;;;
2021-01-01 00:00;2021-01-01 01:00;420;0,000000;0,000000;0,000000;0,035400;4,673933
2021-01-01 00:00;2021-01-01 01:00;430;0,000000;0,000000;0,000000;0,162091;0,000300
2021-01-01 00:00;2021-01-01 01:00;440;0,000000;0,000000;0,000000;2,366800;0,000000
2021-01-01 00:00;2021-01-01 01:00;450;0,000000;0,000000;0,000000;1,113347;3,651800
2021-01-01 00:00;2021-01-01 01:00;461;0,000000;0,000000;0,000000;0,150564;107,553520
2021-01-01 00:00;2021-01-01 01:00;479;0,000000;0,000000;0,000000;3,577735;4,891930
2021-01-01 00:00;2021-01-01 01:00;480;0,000000;0,000000;0,000000;0,214461;0,573426
2021-01-01 00:00;2021-01-01 01:00;482;0,000000;0,000000;0,000000;9,399960;0,000000
2021-01-01 00:00;2021-01-01 01:00;492;0,000000;0,000000;0,000000;7,615997;0,482569
2021-01-01 00:00;2021-01-01 01:00;510;0,000000;0,000000;0,000000;0,814102;1,108059
2021-01-01 00:00;2021-01-01 01:00;530;0,000000;0,000000;0,000000;0,188013;1,609626
2021-01-01 00:00;2021-01-01 01:00;540;0,000000;0,000000;0,000000;1,072302;4,664558
2021-01-01 00:00;2021-01-01 01:00;550;0,000000;0,000000;0,000000;1,092037;0,307251
2021-01-01 00:00;2021-01-01 01:00;561;0,000000;0,000000;0,000000;0,041362;181,314423
2021-01-01 00:00;2021-01-01 01:00;563;0,000000;0,000000;0,000000;0,000000;
2021-01-01 00:00;2021-01-01 01:00;573;0,000000;0,000000;0,000000;0,147411;2,691703
2021-01-01 00:00;2021-01-01 01:00;575;0,000000;0,000000;0,000000;0,261667;0,000151
2021-01-01 00:00;2021-01-01 01:00;580;0,000000;0,000000;0,000000;1,459791;0,622517
2021-01-01 00:00;2021-01-01 01:00;607;0,000000;0,000000;0,000000;0,002500;31,348892
2021-01-01 00:00;2021-01-01 01:00;615;0,000000;0,000000;0,000000;0,367561;12,891520
2021-01-01 00:00;2021-01-01 01:00;621;0,000000;0,000000;0,000000;0,591372;6,317500
2021-01-01 00:00;2021-01-01 01:00;630;0,000000;0,000000;0,000000;0,096414;1,263910
2021-01-01 00:00;2021-01-01 01:00;657;0,000000;0,000000;0,000000;0,010950;36,640217
2021-01-01 00:00;2021-01-01 01:00;661;0,000000;0,000000;0,000000;2,737000;19,060249
2021-01-01 00:00;2021-01-01 01:00;665;0,000000;0,320215;0,000000;4,756000;10,679000
2021-01-01 00:00;2021-01-01 01:00;671;0,000000;0,000000;0,000000;0,840000;0,000000
2021-01-01 00:00;2021-01-01 01:00;706;0,000000;0,000000;0,000000;0,528252;0,708594
2021-01-01 00:00;2021-01-01 01:00;707;0,000000;0,000000;69,114326;0,009713;0,040020
2021-01-01 00:00;2021-01-01 01:00;710;0,000000;0,000000;0,000000;0,000000;1,451000
2021-01-01 00:00;2021-01-01 01:00;727;0,000000;0,027100;0,000000;0,000100;0,000000
2021-01-01 00:00;2021-01-01 01:00;730;0,000000;0,000000;0,000000;0,884691;29,309389
2021-01-01 00:00;2021-01-01 01:00;740;0,000000;0,000000;0,000000;0,002957;49,172043
2021-01-01 00:00;2021-01-01 01:00;741;0,000000;0,000000;0,000000;1,826466;0,000000
2021-01-01 00:00;2021-01-01 01:00;746;0,000000;0,000000;0,000000;0,000000;2,102900
2021-01-01 00:00;2021-01-01 01:00;751;0,000000;0,000000;0,000000;0,000000;295,038849
2021-01-01 00:00;2021-01-01 01:00;756;0,000000;0,000000;0,000000;0,077900;1,607580
2021-01-01 00:00;2021-01-01 01:00;760;0,000000;0,000000;0,000000;1,440000;24,067129
2021-01-01 00:00;2021-01-01 01:00;766;0,000000;0,000000;0,000000;0,022682;0,000400
2021-01-01 00:00;2021-01-01 01:00;773;0,000000;0,000000;0,000000;0,210760;3,323200
2021-01-01 00:00;2021-01-01 01:00;779;0,000000;0,000000;0,000000;0,000000;9,649806
2021-01-01 00:00;2021-01-01 01:00;787;0,000000;0,000000;0,000000;3,402897;2,803360
2021-01-01 00:00;2021-01-01 01:00;791;0,000000;0,000000;0,000000;1,517999;60,421112
2021-01-01 00:00;2021-01-01 01:00;810;0,000000;0,000000;0,000000;0,371473;1,569500
2021-01-01 00:00;2021-01-01 01:00;813;0,000000;0,090000;0,000000;0,056194;2,531710
2021-01-01 00:00;2021-01-01 01:00;820;0,001000;0,000000;0,000000;0,000000;3,243770
2021-01-01 00:00;2021-01-01 01:00;825;0,000000;0,000000;0,000000;0,000000;0,000000
2021-01-01 00:00;2021-01-01 01:00;840;0,000000;0,000000;0,000000;0,010100;0,000000
2021-01-01 00:00;2021-01-01 01:00;846;0,000000;0,000000;0,000000;0,036512;0,151310
2021-01-01 00:00;2021-01-01 01:00;849;0,000000;0,000000;0,000000;0,068674;0,000000
2021-01-01 00:00;2021-01-01 01:00;851;0,000000;0,000000;0,000000;0,231744;340,653625
2021-01-01 00:00;2021-01-01 01:00;860;0,000000;0,000000;0,000000;0,075050;9,083050
2021-01-01 00:00;2021-01-01 01:00;999;;6,977432;0,000000;0,468358;0,000000
2021-01-01 01:00;2021-01-01 02:00;101;0,000000;0,865700;0,000000;0,332333;208,508072
2021-01-01 01:00;2021-01-01 02:00;147;0,000000;;;;0,000000
2021-01-01 01:00;2021-01-01 02:00;151;0,000000;;;;0,000000
2021-01-01 01:00;2021-01-01 02:00;153;0,000000;;;;0,000000
2021-01-01 01:00;2021-01-01 02:00;155;0,000000;;;;
2021-01-01 01:00;2021-01-01 02:00;157;0,000000;;;;
2021-01-01 01:00;2021-01-01 02:00;159;0,000000;;;;0,000010
2021-01-01 01:00;2021-01-01 02:00;161;0,000000;;;;32,154976
2021-01-01 01:00;2021-01-01 02:00;163;0,000000;;;;
2021-01-01 01:00;2021-01-01 02:00;165;0,000000;;;;0,000000
2021-01-01 01:00;2021-01-01 02:00;167;0,000000;2,604900;0,000000;0,227495;483,329529
2021-01-01 01:00;2021-01-01 02:00;169;0,000000;0,000000;0,000000;0,021003;0,000000
2021-01-01 01:00;2021-01-01 02:00;173;0,000000;;;;0,218890
2021-01-01 01:00;2021-01-01 02:00;175;0,000000;;;;
2021-01-01 01:00;2021-01-01 02:00;183;0,000000;0,000000;0,000000;0,000000;
2021-01-01 01:00;2021-01-01 02:00;185;0,000000;;;;0,000000
2021-01-01 01:00;2021-01-01 02:00;187;0,000000;;;;0,000000
2021-01-01 01:00;2021-01-01 02:00;190;0,000000;;;;0,000000
2021-01-01 01:00;2021-01-01 02:00;201;0,000000;0,000000;0,000000;0,000000;1,029060
2021-01-01 01:00;2021-01-01 02:00;210;0,000000;;;;0,000000
2021-01-01 01:00;2021-01-01 02:00;217;0,000000;0,000000;0,000000;0,000000;14,713420
2021-01-01 01:00;2021-01-01 02:00;219;0,000000;0,000000;0,000000;0,016110;3,927240
2021-01-01 01:00;2021-01-01 02:00;223;0,000000;;;;12,886368
2021-01-01 01:00;2021-01-01 02:00;230;0,000000;;;;0,008280
2021-01-01 01:00;2021-01-01 02:00;240;0,000000;0,000000;0,000000;0,000060;0,000000
2021-01-01 01:00;2021-01-01 02:00;250;0,000000;0,000000;0,000000;0,046877;0,897290
2021-01-01 01:00;2021-01-01 02:00;253;0,000000;0,000000;0,000000;0,013859;0,000010
2021-01-01 01:00;2021-01-01 02:00;259;0,000000;0,000000;0,000000;0,082625;14,890064
2021-01-01 01:00;2021-01-01 02:00;260;0,000000;0,000000;0,000000;0,082375;0,000010
2021-01-01 01:00;2021-01-01 02:00;265;0,000000;0,000000;0,000000;0,216726;28,587824
2021-01-01 01:00;2021-01-01 02:00;269;0,000000;0,000000;0,000000;0,000721;3,543538
2021-01-01 01:00;2021-01-01 02:00;270;0,000000;0,000000;0,000000;0,018482;0,000000
2021-01-01 01:00;2021-01-01 02:00;306;0,000000;0,000000;0,000000;0,057133;0,000000
2021-01-01 01:00;2021-01-01 02:00;316;0,000000;0,000000;0,000000;2,509929;0,053453
2021-01-01 01:00;2021-01-01 02:00;320;0,000000;0,000000;0,000000;2,825261;3,670523
2021-01-01 01:00;2021-01-01 02:00;326;0,000000;0,000000;0,000000;9,065155;11,960492
2021-01-01 01:00;2021-01-01 02:00;329;0,000000;0,000000;0,000000;0,364766;0,000040
2021-01-01 01:00;2021-01-01 02:00;330;0,000000;6,175900;0,000000;3,895981;11,891973
2021-01-01 01:00;2021-01-01 02:00;336;0,000000;0,000000;0,000000;0,991781;0,000000
2021-01-01 01:00;2021-01-01 02:00;340;0,000000;0,000000;0,000000;0,559238;0,000000
2021-01-01 01:00;2021-01-01 02:00;350;0,000000;0,000000;0,000000;0,304892;0,010370
2021-01-01 01:00;2021-01-01 02:00;360;0,000000;0,000000;116,661697;107,335945;0,000000
2021-01-01 01:00;2021-01-01 02:00;370;0,000000;0,000000;0,000000;12,062342;8,592754
2021-01-01 01:00;2021-01-01 02:00;376;0,000000;0,000000;49,114368;7,067280;12,284532
2021-01-01 01:00;2021-01-01 02:00;390;0,000000;0,000000;0,000000;2,413788;7,030000
2021-01-01 01:00;2021-01-01 02:00;400;0,000000;0,000000;0,000000;2,718440;0,000000
2021-01-01 01:00;2021-01-01 02:00;410;0,000000;0,000000;0,000000;0,358181;0,011854
2021-01-01 01:00;2021-01-01 02:00;411;0,000000;;;;
2021-01-01 01:00;2021-01-01 02:00;420;0,000000;0,000000;0,000000;0,291622;4,662656
2021-01-01 01:00;2021-01-01 02:00;430;0,000000;0,000000;0,000000;0,087592;0,000200
2021-01-01 01:00;2021-01-01 02:00;440;0,000000;0,000000;0,000000;0,831650;0,000000
2021-01-01 01:00;2021-01-01 02:00;450;0,000000;0,000000;0,000000;0,315057;3,659100
2021-01-01 01:00;2021-01-01 02:00;461;0,000000;0,000000;0,000000;0,001147;107,073135
2021-01-01 01:00;2021-01-01 02:00;479;0,000000;0,000000;0,000000;2,362184;4,788720
2021-01-01 01:00;2021-01-01 02:00;480;0,000000;0,000000;0,000000;0,016380;0,571409
2021-01-01 01:00;2021-01-01 02:00;482;0,000000;0,000000;0,000000;7,443010;0,000000
2021-01-01 01:00;2021-01-01 02:00;492;0,000000;0,000000;0,000000;3,545853;0,481756
2021-01-01 01:00;2021-01-01 02:00;510;0,000000;0,000000;0,000000;0,754917;1,105063
2021-01-01 01:00;2021-01-01 02:00;530;0,000000;0,000000;0,000000;0,279885;1,610582
2021-01-01 01:00;2021-01-01 02:00;540;0,000000;0,000000;0,000000;0,963365;4,719002
2021-01-01 01:00;2021-01-01 02:00;550;0,000000;0,000000;0,000000;0,441372;0,306399
2021-01-01 01:00;2021-01-01 02:00;561;0,000000;0,000000;3,310400;0,006903;131,205338
2021-01-01 01:00;2021-01-01 02:00;563;0,000000;0,000000;0,000000;0,000000;
2021-01-01 01:00;2021-01-01 02:00;573;0,000000;0,000000;0,000000;0,019013;2,690988
2021-01-01 01:00;2021-01-01 02:00;575;0,000000;0,000000;0,000000;0,158505;0,000178
2021-01-01 01:00;2021-01-01 02:00;580;0,000000;0,000000;0,000000;0,517028;0,622596
2021-01-01 01:00;2021-01-01 02:00;607;0,000000;0,000000;0,000000;0,001300;31,065596
2021-01-01 01:00;2021-01-01 02:00;615;0,000000;0,000000;0,000000;0,366031;13,268835
2021-01-01 01:00;2021-01-01 02:00;621;0,000000;0,000000;0,000000;0,857076;5,950400
2021-01-01 01:00;2021-01-01 02:00;630;0,000000;0,000000;0,000000;0,103584;1,270467
2021-01-01 01:00;2021-01-01 02:00;657;0,000000;0,000000;0,000000;0,070321;36,569923
2021-01-01 01:00;2021-01-01 02:00;661;0,000000;0,000000;0,000000;1,525000;18,767500
2021-01-01 01:00;2021-01-01 02:00;665;0,001000;0,150055;0,000000;0,613000;10,667000
2021-01-01 01:00;2021-01-01 02:00;671;0,000000;0,000000;0,000000;0,939999;0,000000
2021-01-01 01:00;2021-01-01 02:00;706;0,000000;0,000000;0,000000;0,584510;0,708942
2021-01-01 01:00;2021-01-01 02:00;707;0,000000;0,000000;65,842155;0,006569;0,039960
2021-01-01 01:00;2021-01-01 02:00;710;0,000000;0,000000;0,000000;0,000000;1,451820
2021-01-01 01:00;2021-01-01 02:00;727;0,000000;0,066400;0,000000;0,010170;0,000000
2021-01-01 01:00;2021-01-01 02:00;730;0,000000;0,000000;0,000000;0,003000;29,701321
2021-01-01 01:00;2021-01-01 02:00;740;0,000000;0,000000;0,000000;0,004283;48,526180
2021-01-01 01:00;2021-01-01 02:00;741;0,000000;0,000000;0,000000;1,174168;0,000000
2021-01-01 01:00;2021-01-01 02:00;746;0,000000;0,000000;0,000000;0,000000;2,130900
2021-01-01 01:00;2021-01-01 02:00;751;0,000000;0,000000;0,000000;0,000000;264,379944
2021-01-01 01:00;2021-01-01 02:00;756;0,000000;0,000000;0,000000;0,133700;1,895940
2021-01-01 01:00;2021-01-01 02:00;760;0,000000;0,000000;0,000000;2,081200;24,104130
2021-01-01 01:00;2021-01-01 02:00;766;0,000000;0,000000;0,000000;0,026201;0,000300
2021-01-01 01:00;2021-01-01 02:00;773;0,000000;0,000000;0,000000;0,017770;3,333120
2021-01-01 01:00;2021-01-01 02:00;779;0,000000;0,000000;0,000000;0,000000;9,792697
2021-01-01 01:00;2021-01-01 02:00;787;0,001000;0,000000;0,000000;2,312281;2,960370
2021-01-01 01:00;2021-01-01 02:00;791;0,000000;0,000000;0,000000;1,510085;60,542751
2021-01-01 01:00;2021-01-01 02:00;810;0,000000;0,000000;0,000000;0,164708;1,578300
2021-01-01 01:00;2021-01-01 02:00;813;0,000000;0,030000;0,000000;0,103480;2,505130
2021-01-01 01:00;2021-01-01 02:00;820;0,001000;0,000000;0,000000;0,001000;2,911360
2021-01-01 01:00;2021-01-01 02:00;825;0,000000;0,000000;0,000000;0,000000;0,000000
2021-01-01 01:00;2021-01-01 02:00;840;0,000000;0,000000;0,000000;0,000322;0,000000
2021-01-01 01:00;2021-01-01 02:00;846;0,000000;0,000000;0,000000;0,000000;0,151540
2021-01-01 01:00;2021-01-01 02:00;849;0,000000;0,000000;0,000000;0,236026;0,000000
2021-01-01 01:00;2021-01-01 02:00;851;0,000000;0,000000;0,000000;0,116684;253,460663
2021-01-01 01:00;2021-01-01 02:00;860;0,000000;0,000000;0,000000;0,177232;9,206530
2021-01-01 01:00;2021-01-01 02:00;999;;4,415238;0,000000;0,376435;0,000000
2021-01-01 02:00;2021-01-01 03:00;101;0,000000;2,377800;0,000000;1,233160;196,780472
2021-01-01 02:00;2021-01-01 03:00;147;0,000000;;;;0,000000
2021-01-01 02:00;2021-01-01 03:00;151;0,000000;;;;0,000000
2021-01-01 02:00;2021-01-01 03:00;153;0,000000;;;;0,000000
2021-01-01 02:00;2021-01-01 03:00;155;0,000000;;;;
2021-01-01 02:00;2021-01-01 03:00;157;0,000000;;;;
2021-01-01 02:00;2021-01-01 03:00;159;0,000000;;;;0,000190
2021-01-01 02:00;2021-01-01 03:00;161;0,000000;;;;32,240803
2021-01-01 02:00;2021-01-01 03:00;163;0,000000;;;;
2021-01-01 02:00;2021-01-01 03:00;165;0,000000;;;;0,000000
2021-01-01 02:00;2021-01-01 03:00;167;0,000000;4,076700;0,000000;0,587961;481,733704
2021-01-01 02:00;2021-01-01 03:00;169;0,000000;0,000000;0,000000;0,047260;0,000000
2021-01-01 02:00;2021-01-01 03:00;173;0,000000;;;;0,218920
2021-01-01 02:00;2021-01-01 03:00;175;0,000000;;;;
2021-01-01 02:00;2021-01-01 03:00;183;0,000000;0,000000;0,000000;0,000000;
2021-01-01 02:00;2021-01-01 03:00;185;0,000000;;;;0,000000
2021-01-01 02:00;2021-01-01 03:00;187;0,000000;;;;0,000000
2021-01-01 02:00;2021-01-01 03:00;190;0,000000;;;;0,000000
2021-01-01 02:00;2021-01-01 03:00;201;0,000000;0,000000;0,000000;0,000000;0,086530
2021-01-01 02:00;2021-01-01 03:00;210;0,000000;;;;0,000000
2021-01-01 02:00;2021-01-01 03:00;217;0,000000;0,000000;0,000000;0,000000;14,754200
2021-01-01 02:00;2021-01-01 03:00;219;0,000000;0,000000;0,000000;0,004298;3,916430
2021-01-01 02:00;2021-01-01 03:00;223;0,000000;;;;12,676260
2021-01-01 02:00;2021-01-01 03:00;230;0,000000;;;;0,007460
2021-01-01 02:00;2021-01-01 03:00;240;0,000000;0,000000;0,000000;0,000030;0,000000
2021-01-01 02:00;2021-01-01 03:00;250;0,000000;0,000000;0,000000;0,078007;0,903380
2021-01-01 02:00;2021-01-01 03:00;253;0,000000;0,000000;0,000000;0,061683;0,000010
2021-01-01 02:00;2021-01-01 03:00;259;0,000000;0,000000;0,000000;0,131554;13,852960
2021-01-01 02:00;2021-01-01 03:00;260;0,000000;0,000000;0,000000;0,029618;0,000010
2021-01-01 02:00;2021-01-01 03:00;265;0,000000;0,000000;0,000000;0,224877;28,696463
2021-01-01 02:00;2021-01-01 03:00;269;0,000000;0,000000;0,000000;0,027861;3,543638
2021-01-01 02:00;2021-01-01 03:00;270;0,000000;0,000000;0,000000;0,018161;0,000000
2021-01-01 02:00;2021-01-01 03:00;306;0,000000;0,000000;0,000000;0,055129;0,000000
2021-01-01 02:00;2021-01-01 03:00;316;0,000000;0,000000;0,000000;3,897398;0,000005
2021-01-01 02:00;2021-01-01 03:00;320;0,000000;0,000000;0,000000;2,710413;3,716100
2021-01-01 02:00;2021-01-01 03:00;326;0,000000;0,000000;0,000000;11,878008;10,851339
2021-01-01 02:00;2021-01-01 03:00;329;0,000000;0,000000;0,000000;0,437520;0,000000
2021-01-01 02:00;2021-01-01 03:00;330;0,000000;4,484400;0,000000;3,489129;11,992989
2021-01-01 02:00;2021-01-01 03:00;336;0,000000;0,000000;0,000000;0,977889;0,000000
2021-01-01 02:00;2021-01-01 03:00;340;0,000000;0,000000;0,000000;0,600804;0,000000
2021-01-01 02:00;2021-01-01 03:00;350;0,000000;0,000000;0,000000;0,392755;0,010370
2021-01-01 02:00;2021-01-01 03:00;360;0,000000;0,000000;97,221603;92,504311;0,000000
2021-01-01 02:00;2021-01-01 03:00;370;0,000000;0,000000;0,000000;11,378623;8,764054
2021-01-01 02:00;2021-01-01 03:00;376;0,000000;0,000000;42,113815;6,129249;12,268132
2021-01-01 02:00;2021-01-01 03:00;390;0,000000;0,000000;0,000000;1,404740;6,869600
2021-01-01 02:00;2021-01-01 03:00;400;0,000000;0,000000;0,000000;1,972000;0,000000
2021-01-01 02:00;2021-01-01 03:00;410;0,000000;0,000000;0,000000;0,306880;0,011889
2021-01-01 02:00;2021-01-01 03:00;411;0,000000;;;;
2021-01-01 02:00;2021-01-01 03:00;420;0,000000;0,000000;0,000000;0,515672;4,566648
2021-01-01 02:00;2021-01-01 03:00;430;0,000000;0,000000;0,000000;0,077346;0,000300
2021-01-01 02:00;2021-01-01 03:00;440;0,000000;0,000000;0,000000;0,155900;0,000000
2021-01-01 02:00;2021-01-01 03:00;450;0,000000;0,000000;0,000000;0,166382;3,630400
2021-01-01 02:00;2021-01-01 03:00;461;0,000000;0,000000;0,000000;0,000000;104,369980
2021-01-01 02:00;2021-01-01 03:00;479;0,000000;0,000000;0,000000;2,126600;3,594060
2021-01-01 02:00;2021-01-01 03:00;480;0,000000;0,000000;0,000000;0,000085;0,574649
2021-01-01 02:00;2021-01-01 03:00;482;0,000000;0,000000;0,000000;4,213180;0,000000
2021-01-01 02:00;2021-01-01 03:00;492;0,000000;0,000000;0,000000;2,044300;0,491683
2021-01-01 02:00;2021-01-01 03:00;510;0,000000;0,000000;0,000000;1,023765;1,112056
2021-01-01 02:00;2021-01-01 03:00;530;0,000000;0,000000;0,000000;0,753011;1,609536
2021-01-01 02:00;2021-01-01 03:00;540;0,000000;0,000000;0,000000;0,398273;4,904187
2021-01-01 02:00;2021-01-01 03:00;550;0,000000;0,000000;0,000000;0,271180;0,307409
2021-01-01 02:00;2021-01-01 03:00;561;0,000000;0,000000;4,385500;0,001801;121,238083
2021-01-01 02:00;2021-01-01 03:00;563;0,000000;0,000000;0,000000;0,000000;
2021-01-01 02:00;2021-01-01 03:00;573;0,000000;0,000000;0,000000;0,000000;2,691375
2021-01-01 02:00;2021-01-01 03:00;575;0,000000;0,000000;0,000000;0,106796;0,000118
2021-01-01 02:00;2021-01-01 03:00;580;0,000000;0,000000;0,000000;0,723980;0,622575
2021-01-01 02:00;2021-01-01 03:00;607;0,000000;0,000000;0,000000;0,042100;31,383305
2021-01-01 02:00;2021-01-01 03:00;615;0,000000;0,000000;0,000000;0,371316;13,844777
2021-01-01 02:00;2021-01-01 03:00;621;0,000000;0,000000;0,000000;1,182022;6,175200
2021-01-01 02:00;2021-01-01 03:00;630;0,000000;0,000000;0,000000;0,167533;1,299922
2021-01-01 02:00;2021-01-01 03:00;657;0,000000;0,000000;0,000000;0,026885;35,806137
2021-01-01 02:00;2021-01-01 03:00;661;0,000000;0,000000;0,000000;0,177000;18,545500
2021-01-01 02:00;2021-01-01 03:00;665;0,001000;0,370390;0,000000;0,440070;9,809000
2021-01-01 02:00;2021-01-01 03:00;671;0,000000;0,000000;0,000000;0,653800;0,000000
2021-01-01 02:00;2021-01-01 03:00;706;0,000000;0,000000;0,000000;0,480274;0,708851
2021-01-01 02:00;2021-01-01 03:00;707;0,000000;0,000000;54,496391;0,018943;0,040200
2021-01-01 02:00;2021-01-01 03:00;710;0,000000;0,000000;0,000000;0,000000;1,450100
2021-01-01 02:00;2021-01-01 03:00;727;0,000000;0,018900;0,000000;0,014989;0,000000
2021-01-01 02:00;2021-01-01 03:00;730;0,000000;0,000000;0,000000;0,000000;30,356630
2021-01-01 02:00;2021-01-01 03:00;740;0,000000;0,000000;0,000000;0,002635;48,581024
2021-01-01 02:00;2021-01-01 03:00;741;0,000000;0,000000;0,000000;1,413213;0,000000
2021-01-01 02:00;2021-01-01 03:00;746;0,000000;0,000000;0,000000;0,000000;2,098200
2021-01-01 02:00;2021-01-01 03:00;751;0,000000;0,000000;0,000000;0,000000;215,270630
2021-01-01 02:00;2021-01-01 03:00;756;0,000000;0,000000;0,000000;0,103600;1,965480
2021-01-01 02:00;2021-01-01 03:00;760;0,000000;0,000000;0,000000;0,917900;16,605339
2021-01-01 02:00;2021-01-01 03:00;766;0,000000;0,000000;0,000000;0,077043;0,000400
2021-01-01 02:00;2021-01-01 03:00;773;0,000000;0,000000;0,000000;0,100350;3,323200
2021-01-01 02:00;2021-01-01 03:00;779;0,000000;0,000000;0,000000;0,000000;10,081231
2021-01-01 02:00;2021-01-01 03:00;787;0,001000;0,000000;0,000000;0,503666;2,986320
2021-01-01 02:00;2021-01-01 03:00;791;0,000000;0,000000;0,000000;1,516820;58,497662
2021-01-01 02:00;2021-01-01 03:00;810;0,000000;0,000000;0,000000;0,000878;1,628300
2021-01-01 02:00;2021-01-01 03:00;813;0,000000;0,030000;0,000000;0,205240;2,683410
2021-01-01 02:00;2021-01-01 03:00;820;0,001000;0,000000;0,000000;0,177985;3,552920
2021-01-01 02:00;2021-01-01 03:00;825;0,000000;0,000000;0,000000;0,000000;0,000000
2021-01-01 02:00;2021-01-01 03:00;840;0,000000;0,000000;0,000000;0,000092;0,000000
2021-01-01 02:00;2021-01-01 03:00;846;0,001000;0,000000;0,000000;0,000012;0,151170
2021-01-01 02:00;2021-01-01 03:00;849;0,000000;0,000000;0,000000;0,663671;0,000000
2021-01-01 02:00;2021-01-01 03:00;851;0,000000;0,000000;0,000000;0,074132;218,790192
2021-01-01 02:00;2021-01-01 03:00;860;0,000000;0,000000;0,000000;0,268508;9,108600
2021-01-01 02:00;2021-01-01 03:00;999;;1,301802;0,700000;0,137258;0,000000
2021-01-01 03:00;2021-01-01 04:00;101;0,000000;1,502500;0,000000;1,114094;200,924408
2021-01-01 03:00;2021-01-01 04:00;147;0,000000;;;;0,000000
2021-01-01 03:00;2021-01-01 04:00;151;0,000000;;;;0,000000
2021-01-01 03:00;2021-01-01 04:00;153;0,000000;;;;0,000000
2021-01-01 03:00;2021-01-01 04:00;155;0,000000;;;;
2021-01-01 03:00;2021-01-01 04:00;157;0,000000;;;;
2021-01-01 03:00;2021-01-01 04:00;159;0,000000;;;;0,000100
2021-01-01 03:00;2021-01-01 04:00;161;0,000000;;;;32,187431
2021-01-01 03:00;2021-01-01 04:00;163;0,000000;;;;
2021-01-01 03:00;2021-01-01 04:00;165;0,000000;;;;0,000000
2021-01-01 03:00;2021-01-01 04:00;167;0,000000;2,991300;0,000000;0,215888;475,918915
2021-01-01 03:00;2021-01-01 04:00;169;0,000000;0,000000;0,000000;0,088045;0,000000
2021-01-01 03:00;2021-01-01 04:00;173;0,000000;;;;0,218860
2021-01-01 03:00;2021-01-01 04:00;175;0,000000;;;;
2021-01-01 03:00;2021-01-01 04:00;183;0,000000;0,000000;0,000000;0,000000;
2021-01-01 03:00;2021-01-01 04:00;185;0,000000;;;;0,000000
2021-01-01 03:00;2021-01-01 04:00;187;0,000000;;;;0,000000